{
    "airport_to_city_map": {
        "LGA": "New York, NY",
        "DLH": "Duluth, MN",
        "ATL": "Atlanta, GA",
        "FAY": "Fayetteville, NC",
        "JFK": "New York, NY",
        "ORF": "Norfolk, VA",
        "MSP": "Minneapolis, MN",
        "PIT": "Pittsburgh, PA",
        "BWI": "Baltimore, MD",
        "CVG": "Cincinnati, OH",
        "ILM": "Wilmington, NC",
        "CRW": "Charleston/Dunbar, WV",
        "BGR": "Bangor, ME",
        "RDU": "Raleigh/Durham, NC",
        "DAY": "Dayton, OH",
        "EYW": "Key West, FL",
        "EWR": "Newark, NJ",
        "EVV": "Evansville, IN",
        "GSP": "Greer, SC",
        "TYS": "Knoxville, TN",
        "XNA": "Fayetteville, AR",
        "JAX": "Jacksonville, FL",
        "PVD": "Providence, RI",
        "CHS": "Charleston, SC",
        "DTW": "Detroit, MI",
        "SAV": "Savannah, GA",
        "GRR": "Grand Rapids, MI",
        "CLE": "Cleveland, OH",
        "LFT": "Lafayette, LA",
        "AVL": "Asheville, NC",
        "MKE": "Milwaukee, WI",
        "MDW": "Chicago, IL",
        "BTV": "Burlington, VT",
        "RIC": "Richmond, VA",
        "MBS": "Saginaw/Bay City/Midland, MI",
        "ALB": "Albany, NY",
        "MGM": "Montgomery, AL",
        "MOT": "Minot, ND",
        "BNA": "Nashville, TN",
        "SCE": "State College, PA",
        "PHL": "Philadelphia, PA",
        "MEM": "Memphis, TN",
        "OMA": "Omaha, NE",
        "MSN": "Madison, WI",
        "MQT": "Marquette, MI",
        "ATW": "Appleton, WI",
        "SYR": "Syracuse, NY",
        "CID": "Cedar Rapids/Iowa City, IA",
        "MCI": "Kansas City, MO",
        "ROA": "Roanoke, VA",
        "CWA": "Mosinee, WI",
        "CAE": "Columbia, SC",
        "ABY": "Albany, GA",
        "ROC": "Rochester, NY",
        "ITH": "Ithaca/Cortland, NY",
        "CMH": "Columbus, OH",
        "HPN": "White Plains, NY",
        "SGF": "Springfield, MO",
        "TVC": "Traverse City, MI",
        "BDL": "Hartford, CT",
        "DSM": "Des Moines, IA",
        "BTR": "Baton Rouge, LA",
        "LEX": "Lexington, KY",
        "BGM": "Binghamton, NY",
        "GFK": "Grand Forks, ND",
        "AZO": "Kalamazoo, MI",
        "AUS": "Austin, TX",
        "MDT": "Harrisburg, PA",
        "BQK": "Brunswick, GA",
        "HSV": "Huntsville, AL",
        "MLU": "Monroe, LA",
        "GRB": "Green Bay, WI",
        "CLT": "Charlotte, NC",
        "AEX": "Alexandria, LA",
        "BHM": "Birmingham, AL",
        "STL": "St. Louis, MO",
        "LAN": "Lansing, MI",
        "DCA": "Washington, DC",
        "VLD": "Valdosta, GA",
        "TRI": "Bristol/Johnson City/Kingsport, TN",
        "DHN": "Dothan, AL",
        "SDF": "Louisville, KY",
        "BUF": "Buffalo, NY",
        "CHO": "Charlottesville, VA",
        "MYR": "Myrtle Beach, SC",
        "GSO": "Greensboro/High Point, NC",
        "IND": "Indianapolis, IN",
        "GTR": "Columbus, MS",
        "PWM": "Portland, ME",
        "ABE": "Allentown/Bethlehem/Easton, PA",
        "GNV": "Gainesville, FL",
        "CHA": "Chattanooga, TN",
        "CSG": "Columbus, GA",
        "AGS": "Augusta, GA",
        "FSD": "Sioux Falls, SD",
        "MOB": "Mobile, AL",
        "SHV": "Shreveport, LA",
        "ORH": "Worcester, MA",
        "LSE": "La Crosse, WI",
        "GPT": "Gulfport/Biloxi, MS",
        "LAX": "Los Angeles, CA",
        "OGG": "Kahului, HI",
        "DFW": "Dallas/Fort Worth, TX",
        "HNL": "Honolulu, HI",
        "SFO": "San Francisco, CA",
        "KOA": "Kona, HI",
        "MIA": "Miami, FL",
        "PHX": "Phoenix, AZ",
        "SNA": "Santa Ana, CA",
        "LIH": "Lihue, HI",
        "LAS": "Las Vegas, NV",
        "DEN": "Denver, CO",
        "SAN": "San Diego, CA",
        "SJU": "San Juan, PR",
        "IAH": "Houston, TX",
        "SEA": "Seattle, WA",
        "ORD": "Chicago, IL",
        "ANC": "Anchorage, AK",
        "STT": "Charlotte Amalie, VI",
        "BOS": "Boston, MA",
        "TPA": "Tampa, FL",
        "FLL": "Fort Lauderdale, FL",
        "ELP": "El Paso, TX",
        "TUL": "Tulsa, OK",
        "MCO": "Orlando, FL",
        "BOI": "Boise, ID",
        "RSW": "Fort Myers, FL",
        "AMA": "Amarillo, TX",
        "SAT": "San Antonio, TX",
        "COS": "Colorado Springs, CO",
        "PBI": "West Palm Beach/Palm Beach, FL",
        "EUG": "Eugene, OR",
        "ONT": "Ontario, CA",
        "SMF": "Sacramento, CA",
        "OKC": "Oklahoma City, OK",
        "ICT": "Wichita, KS",
        "ECP": "Panama City, FL",
        "MSY": "New Orleans, LA",
        "ABQ": "Albuquerque, NM",
        "PNS": "Pensacola, FL",
        "SRQ": "Sarasota/Bradenton, FL",
        "TUS": "Tucson, AZ",
        "SBA": "Santa Barbara, CA",
        "FAT": "Fresno, CA",
        "RNO": "Reno, NV",
        "SLC": "Salt Lake City, UT",
        "EGE": "Eagle, CO",
        "GUC": "Gunnison, CO",
        "HDN": "Hayden, CO",
        "IAD": "Washington, DC",
        "LIT": "Little Rock, AR",
        "JAC": "Jackson, WY",
        "PDX": "Portland, OR",
        "PSP": "Palm Springs, CA",
        "MFE": "Mission/McAllen/Edinburg, TX",
        "LBB": "Lubbock, TX",
        "SJC": "San Jose, CA",
        "AVP": "Scranton/Wilkes-Barre, PA",
        "MTJ": "Montrose/Delta, CO",
        "BUR": "Burbank, CA",
        "VPS": "Valparaiso, FL",
        "DAB": "Daytona Beach, FL",
        "MSO": "Missoula, MT",
        "BFL": "Bakersfield, CA",
        "SBP": "San Luis Obispo, CA",
        "BZN": "Bozeman, MT",
        "STX": "Christiansted, VI",
        "GEG": "Spokane, WA",
        "JNU": "Juneau, AK",
        "FAI": "Fairbanks, AK",
        "KTN": "Ketchikan, AK",
        "PAE": "Everett, WA",
        "YAK": "Yakutat, AK",
        "PSG": "Petersburg, AK",
        "STS": "Santa Rosa, CA",
        "BET": "Bethel, AK",
        "BRW": "Barrow, AK",
        "CDV": "Cordova, AK",
        "DAL": "Dallas, TX",
        "OME": "Nome, AK",
        "SIT": "Sitka, AK",
        "SCC": "Deadhorse, AK",
        "ADQ": "Kodiak, AK",
        "OAK": "Oakland, CA",
        "RDM": "Bend/Redmond, OR",
        "ADK": "Adak Island, AK",
        "OTZ": "Kotzebue, AK",
        "WRG": "Wrangell, AK",
        "PSE": "Ponce, PR",
        "BQN": "Aguadilla, PR",
        "BIL": "Billings, MT",
        "BIS": "Bismarck/Mandan, ND",
        "FCA": "Kalispell, MT",
        "TLH": "Tallahassee, FL",
        "OAJ": "Jacksonville/Camp Lejeune, NC",
        "JAN": "Jackson/Vicksburg, MS",
        "MLB": "Melbourne, FL",
        "RST": "Rochester, MN",
        "HOU": "Houston, TX",
        "PSC": "Pasco/Kennewick/Richland, WA",
        "FAR": "Fargo, ND",
        "ISP": "Islip, NY",
        "TTN": "Trenton, NJ",
        "SWF": "Newburgh/Poughkeepsie, NY",
        "SCK": "Stockton, CA",
        "PGD": "Punta Gorda, FL",
        "AZA": "Phoenix, AZ",
        "PIE": "St. Petersburg, FL",
        "RFD": "Rockford, IL",
        "SFB": "Sanford, FL",
        "CAK": "Akron, OH",
        "MFR": "Medford, OR",
        "USA": "Concord, NC",
        "BLV": "Belleville, IL",
        "MRY": "Monterey, CA",
        "STC": "St. Cloud, MN",
        "PVU": "Provo, UT",
        "MLI": "Moline, IL",
        "PIA": "Peoria, IL",
        "IDA": "Idaho Falls, ID",
        "GTF": "Great Falls, MT",
        "IAG": "Niagara Falls, NY",
        "GRI": "Grand Island, NE",
        "SBN": "South Bend, IN",
        "FWA": "Fort Wayne, IN",
        "ELM": "Elmira/Corning, NY",
        "PBG": "Plattsburgh, NY",
        "SPI": "Springfield, IL",
        "SMX": "Santa Maria, CA",
        "FNT": "Flint, MI",
        "TOL": "Toledo, OH",
        "BLI": "Bellingham, WA",
        "HTS": "Ashland, WV",
        "RAP": "Rapid City, SD",
        "HGR": "Hagerstown, MD",
        "BMI": "Bloomington/Normal, IL",
        "LCK": "Columbus, OH",
        "CKB": "Clarksburg/Fairmont, WV",
        "PSM": "Portsmouth, NH",
        "OWB": "Owensboro, KY",
        "LRD": "Laredo, TX",
        "LGB": "Long Beach, CA",
        "ITO": "Hilo, HI",
        "PPG": "Pago Pago, TT",
        "COU": "Columbia, MO",
        "SJT": "San Angelo, TX",
        "MHK": "Manhattan/Ft. Riley, KS",
        "GRK": "Killeen, TX",
        "HHH": "Hilton Head, SC",
        "CRP": "Corpus Christi, TX",
        "GJT": "Grand Junction, CO",
        "MAF": "Midland/Odessa, TX",
        "DRO": "Durango, CO",
        "ALO": "Waterloo, IA",
        "SAF": "Santa Fe, NM",
        "HRL": "Harlingen/San Benito, TX",
        "CMI": "Champaign/Urbana, IL",
        "ABI": "Abilene, TX",
        "BRO": "Brownsville, TX",
        "FSM": "Fort Smith, AR",
        "ACY": "Atlantic City, NJ",
        "MHT": "Manchester, NH",
        "LBE": "Latrobe, PA",
        "PGV": "Greenville, NC",
        "LAW": "Lawton/Fort Sill, OK",
        "TYR": "Tyler, TX",
        "ACT": "Waco, TX",
        "FLG": "Flagstaff, AZ",
        "SPS": "Wichita Falls, TX",
        "TXK": "Texarkana, AR",
        "ASE": "Aspen, CO",
        "SWO": "Stillwater, OK",
        "YUM": "Yuma, AZ",
        "DRT": "Del Rio, TX",
        "ROW": "Roswell, NM",
        "CLL": "College Station/Bryan, TX",
        "BPT": "Beaumont/Port Arthur, TX",
        "SGU": "St. George, UT",
        "LCH": "Lake Charles, LA",
        "GCK": "Garden City, KS",
        "GGG": "Longview, TX",
        "PIB": "Hattiesburg/Laurel, MS",
        "LAR": "Laramie, WY",
        "DVL": "Devils Lake, ND",
        "SUN": "Sun Valley/Hailey/Ketchum, ID",
        "MCW": "Mason City, IA",
        "RKS": "Rock Springs, WY",
        "MEI": "Meridian, MS",
        "DIK": "Dickinson, ND",
        "JLN": "Joplin, MO",
        "DDC": "Dodge City, KS",
        "FOD": "Fort Dodge, IA",
        "SUX": "Sioux City, IA",
        "JST": "Johnstown, PA",
        "LBF": "North Platte, NE",
        "LNK": "Lincoln, NE",
        "VCT": "Victoria, TX",
        "PRC": "Prescott, AZ",
        "GCC": "Gillette, WY",
        "CYS": "Cheyenne, WY",
        "BIH": "Bishop, CA",
        "LWS": "Lewiston, ID",
        "VEL": "Vernal, UT",
        "SLN": "Salina, KS",
        "ACV": "Arcata/Eureka, CA",
        "SHR": "Sheridan, WY",
        "CNY": "Moab, UT",
        "BFF": "Scottsbluff, NE",
        "CPR": "Casper, WY",
        "CMX": "Hancock/Houghton, MI",
        "DEC": "Decatur, IL",
        "RIW": "Riverton/Lander, WY",
        "RDD": "Redding, CA",
        "OTH": "North Bend/Coos Bay, OR",
        "XWA": "Williston, ND",
        "HYS": "Hays, KS",
        "JMS": "Jamestown, ND",
        "PUB": "Pueblo, CO",
        "EKO": "Elko, NV",
        "PIH": "Pocatello, ID",
        "BTM": "Butte, MT",
        "ABR": "Aberdeen, SD",
        "CDC": "Cedar City, UT",
        "HIB": "Hibbing, MN",
        "IMT": "Iron Mountain/Kingsfd, MI",
        "HLN": "Helena, MT",
        "LBL": "Liberal, KS",
        "BJI": "Bemidji, MN",
        "RHI": "Rhinelander, WI",
        "APN": "Alpena, MI",
        "BRD": "Brainerd, MN",
        "ESC": "Escanaba, MI",
        "PLN": "Pellston, MI",
        "TWF": "Twin Falls, ID",
        "CIU": "Sault Ste. Marie, MI",
        "INL": "International Falls, MN",
        "GUM": "Guam, TT",
        "SPN": "Saipan, TT",
        "EWN": "New Bern/Morehead/Beaufort, NC",
        "ERI": "Erie, PA",
        "AKN": "King Salmon, AK",
        "COD": "Cody, WY",
        "DLG": "Dillingham, AK",
        "ACK": "Nantucket, MA",
        "MVY": "Martha's Vineyard, MA",
        "ALW": "Walla Walla, WA",
        "WYS": "West Yellowstone, MT",
        "GST": "Gustavus, AK",
        "HYA": "Hyannis, MA",
        "PHF": "Newport News/Williamsburg, VA"
    },
    "airline_map": {
        "Endeavor Air": {
            "Manufacturer": "CANADAIR REGIONAL JET",
            "Model": "CRJ",
            "Aicraft_age": 16
        },
        "American Airlines Inc.": {
            "Manufacturer": "AIRBUS",
            "Model": "737 NG",
            "Aicraft_age": 12
        },
        "Alaska Airlines Inc.": {
            "Manufacturer": "BOEING",
            "Model": "737 NG",
            "Aicraft_age": 10
        },
        "JetBlue Airways": {
            "Manufacturer": "AIRBUS",
            "Model": "A320",
            "Aicraft_age": 16
        },
        "Delta Air Lines Inc": {
            "Manufacturer": "BOEING",
            "Model": "737 NG",
            "Aicraft_age": 19
        },
        "Frontier Airlines Inc.": {
            "Manufacturer": "AIRBUS",
            "Model": "A320",
            "Aicraft_age": 5
        },
        "Allegiant Air": {
            "Manufacturer": "AIRBUS",
            "Model": "A320",
            "Aicraft_age": 18
        },
        "Hawaiian Airlines Inc.": {
            "Manufacturer": "BOEING",
            "Model": "717",
            "Aicraft_age": 23
        },
        "American Eagle Airlines Inc.": {
            "Manufacturer": "EMBRAER",
            "Model": "170/175",
            "Aicraft_age": 8
        },
        "Spirit Air Lines": {
            "Manufacturer": "AIRBUS",
            "Model": "A320",
            "Aicraft_age": 7
        },
        "Southwest Airlines Co.": {
            "Manufacturer": "BOEING",
            "Model": "737 NG",
            "Aicraft_age": 13
        },
        "Republic Airways": {
            "Manufacturer": "EMBRAER",
            "Model": "170/175",
            "Aicraft_age": 16
        },
        "PSA Airlines": {
            "Manufacturer": "CANADAIR REGIONAL JET",
            "Model": "CRJ",
            "Aicraft_age": 9
        },
        "Skywest Airlines Inc.": {
            "Manufacturer": "EMBRAER",
            "Model": "170/175",
            "Aicraft_age": 9
        },
        "United Air Lines Inc.": {
            "Manufacturer": "BOEING",
            "Model": "737 NG",
            "Aicraft_age": 21
        }
    },
    "default_values": {
        "DepTime_label": "Morning",
        "Distance_type": "Short Haul >1500Mi",
        "Aicraft_age": 12,
        "Delay_NAS": 0.0,
        "Delay_LastAircraft": 0.0
    },
    "holiday_dates": [
        "2023-01-02",
        "2023-01-16",
        "2023-02-20",
        "2023-05-29",
        "2023-06-19",
        "2023-07-04",
        "2023-09-04",
        "2023-10-09",
        "2023-11-10",
        "2023-11-23",
        "2023-12-25"
    ],
    "holiday_window": [
        "2023-09-03",
        "2023-11-24",
        "2023-11-10",
        "2023-01-14",
        "2023-09-02",
        "2023-06-17",
        "2023-07-02",
        "2023-06-18",
        "2023-01-04",
        "2023-02-21",
        "2023-10-08",
        "2022-12-31",
        "2023-01-18",
        "2023-11-08",
        "2023-02-20",
        "2023-11-09",
        "2023-11-21",
        "2023-07-04",
        "2023-01-03",
        "2023-10-11",
        "2023-12-24",
        "2023-05-29",
        "2023-07-03",
        "2023-07-05",
        "2023-01-17",
        "2023-05-27",
        "2023-12-23",
        "2023-10-10",
        "2023-12-25",
        "2023-11-25",
        "2023-07-06",
        "2023-09-05",
        "2023-12-27",
        "2023-09-04",
        "2023-10-09",
        "2023-05-30",
        "2023-01-02",
        "2023-01-15",
        "2023-02-19",
        "2023-10-07",
        "2023-11-12",
        "2023-02-18",
        "2023-05-31",
        "2023-11-23",
        "2023-12-26",
        "2023-06-20",
        "2023-01-01",
        "2023-09-06",
        "2023-06-19",
        "2023-06-21",
        "2023-01-16",
        "2023-11-22",
        "2023-11-11",
        "2023-05-28",
        "2023-02-22"
    ]
}